{
  "$schema": "http://json-schema.org/draft-07/schema#",
  "title": "ShipmentDataArray",
  "type": "array",
  "items": {
    "type": "object",
    "properties": {
      "DataKbn": { "type": "integer" },
      "UpdateKbn": { "type": "integer" },
      "ShipmentKbn": { "type": "integer" },
      "ShopOrderDate": { "type": ["string", "null"], "format": "date" },
      "DeliveryScheDate": { "type": ["string", "null"], "format": "date" },
      "DlvCorpCd": { "type": ["string", "null"] },
      "DlvBaseKbn": { "type": ["integer", "null"] },
      "ShopCd": { "type": ["string", "null"] },
      "ShipmentNo": { "type": "string" },
      "ShipmentLineSeq": { "type": "integer" },
      "ShipmentLineNo": { "type": ["string", "null"] },
      "SetCommodityKbn": { "type": ["integer", "null"] },
      "ItemCd": { "type": "string" },
      "SalesCommodityName": { "type": "string" },
      "ShipmentQty": { "type": "number" },
      "SalesPrice": { "type": "number" },
      "OrderCommodityYen": { "type": "number" },
      "DiscountYen": { "type": "number" },
      "OrderCommodityTax": { "type": "number" },
      "WrappingServiceName": { "type": ["string", "null"] },
      "WrappingFee": { "type": ["number", "null"] },
      "WrappingFeeTax": { "type": ["number", "null"] },
      "SetItemCd": { "type": ["string", "null"] },
      "SetSalesCommodityName": { "type": ["string", "null"] },
      "SetShipmentQty": { "type": ["number", "null"] },
      "SetSalesPrice": { "type": ["number", "null"] },
      "SetOrderCommodityYen": { "type": ["number", "null"] },
      "SetDiscountYen": { "type": ["number", "null"] },
      "SetOrderCommodityTax": { "type": ["number", "null"] },
      "ArrivalNo": { "type": ["string", "null"] },
      "ArrivalLineNo": { "type": ["string", "null"] },
      "Lot1": { "type": ["string", "null"] },
      "Lot2": { "type": ["string", "null"] },
      "Charge": { "type": "number" },
      "ChargeTax": { "type": "number" },
      "Shipping": { "type": "number" },
      "ShippingTax": { "type": "number" },
      "AdvancedYen": { "type": "number" },
      "StaffSalesFlg": { "type": ["integer", "null"] },
      "ShipmentRequestDate": { "type": ["string", "null"], "format": "date" },
      "OrderReceiptDate": { "type": ["string", "null"], "format": "date" },
      "CreateBy": { "type": ["string", "null"] },
      "PayMethodKbn": { "type": ["integer", "null"] },
      "CreditCardCorpCd": { "type": ["string", "null"] },
      "DLVOutForGIFTKbn": { "type": ["integer", "null"] },
      "CustNo": { "type": "string" },
      "ZipNo": { "type": "string" },
      "Adr1": { "type": "string" },
      "Adr2": { "type": "string" },
      "Adr3": { "type": "string" },
      "Adr4": { "type": ["string", "null"] },
      "Adr5": { "type": ["string", "null"] },
      "Adr6": { "type": ["string", "null"] },
      "TelNo": { "type": "string" },
      "CustKanjiName": { "type": "string" },
      "CustKanaName": { "type": "string" },
      "ClientZipNo": { "type": "string" },
      "ClientAdr1": { "type": "string" },
      "ClientAdr2": { "type": "string" },
      "ClientAdr3": { "type": "string" },
      "ClientAdr4": { "type": ["string", "null"] },
      "ClientAdr5": { "type": ["string", "null"] },
      "ClientAdr6": { "type": ["string", "null"] },
      "ClientTelNo": { "type": "string" },
      "ClientKanjiName": { "type": "string" },
      "ClientKanaName": { "type": "string" },
      "ClientCorpName": { "type": ["string", "null"] },
      "DestZipNo": { "type": "string" },
      "DestAdr1": { "type": "string" },
      "DestAdr2": { "type": "string" },
      "DestAdr3": { "type": "string" },
      "DestAdr4": { "type": ["string", "null"] },
      "DestAdr5": { "type": ["string", "null"] },
      "DestAdr6": { "type": ["string", "null"] },
      "DestTelNo": { "type": "string" },
      "DestKanjiName": { "type": "string" },
      "DestKanaName": { "type": "string" },
      "DestCorpName": { "type": ["string", "null"] },
      "DlvAppointedDate": { "type": ["string", "null"], "format": "date" },
      "DlvAppointedTimePerDlvCorpKbn": { "type": ["string", "null"] },
      "DlvAppointedTimePerDlvCorpName": { "type": ["string", "null"] },
      "DlvCorpDetailKbn": { "type": ["string", "null"] },
      "ArrivedShopNo1": { "type": ["string", "null"] },
      "ArrivedShopNo2": { "type": ["string", "null"] },
      "LiquidationShopNo1": { "type": ["string", "null"] },
      "LiquidationShopNo2": { "type": ["string", "null"] },
      "DlvInstructionComment": { "type": ["string", "null"] },
      "SentenceKbn1": { "type": ["string", "null"] },
      "SentenceCd1": { "type": ["string", "null"] },
      "SentenceKbn2": { "type": ["string", "null"] },
      "SentenceCd2": { "type": ["string", "null"] },
      "CustServiceRankName": { "type": ["string", "null"] },
      "UseEnablePoint": { "type": ["number", "null"] },
      "UsePoint": { "type": ["number", "null"] },
      "OccurSchedulePoint": { "type": ["number", "null"] },
      "UseSchedulePoint": { "type": ["number", "null"] },
      "CampainPoint": { "type": ["number", "null"] },
      "TotalPoint": { "type": ["number", "null"] },
      "LapseNextMonth": { "type": ["number", "null"] },
      "LapseNextMonthPoint": { "type": ["number", "null"] },
      "LapseNextMonth2": { "type": ["number", "null"] },
      "LapseNextMonthPoint2": { "type": ["number", "null"] },
      "NextDlvDate": { "type": ["string", "null"], "format": "date" },
      "NextDlvItemCd1": { "type": ["string", "null"] },
      "NextDlvSalesCommodityName1": { "type": ["string", "null"] },
      "NextDlvShipmentQty1": { "type": ["number", "null"] },
      "NextDlvCommoditySalesMethodName1": { "type": ["string", "null"] },
      "NextDlvOrderCommodityYen1": { "type": ["number", "null"] },
      "NextDlvItemCd2": { "type": ["string", "null"] },
      "NextDlvSalesCommodityName2": { "type": ["string", "null"] },
      "NextDlvShipmentQty2": { "type": ["number", "null"] },
      "NextDlvCommoditySalesMethodName2": { "type": ["string", "null"] },
      "NextDlvOrderCommodityYen2": { "type": ["number", "null"] },
      "NextDlvItemCd3": { "type": ["string", "null"] },
      "NextDlvSalesCommodityName3": { "type": ["string", "null"] },
      "NextDlvShipmentQty3": { "type": ["number", "null"] },
      "NextDlvCommoditySalesMethodName3": { "type": ["string", "null"] },
      "NextDlvOrderCommodityYen3": { "type": ["number", "null"] },
      "NextDlvItemCd4": { "type": ["string", "null"] },
      "NextDlvSalesCommodityName4": { "type": ["string", "null"] },
      "NextDlvShipmentQty4": { "type": ["number", "null"] },
      "NextDlvCommoditySalesMethodName4": { "type": ["string", "null"] },
      "NextDlvOrderCommodityYen4": { "type": ["number", "null"] },
      "NextDlvItemCd5": { "type": ["string", "null"] },
      "NextDlvSalesCommodityName5": { "type": ["string", "null"] },
      "NextDlvShipmentQty5": { "type": ["number", "null"] },
      "NextDlvCommoditySalesMethodName5": { "type": ["string", "null"] },
      "NextDlvOrderCommodityYen5": { "type": ["number", "null"] },
      "NextDlvItemCd6": { "type": ["string", "null"] },
      "NextDlvSalesCommodityName6": { "type": ["string", "null"] },
      "NextDlvShipmentQty6": { "type": ["number", "null"] },
      "NextDlvCommoditySalesMethodName6": { "type": ["string", "null"] },
      "NextDlvOrderCommodityYen6": { "type": ["number", "null"] },
      "NextDlvItemCd7": { "type": ["string", "null"] },
      "NextDlvSalesCommodityName7": { "type": ["string", "null"] },
      "NextDlvShipmentQty7": { "type": ["number", "null"] },
      "NextDlvCommoditySalesMethodName7": { "type": ["string", "null"] },
      "NextDlvOrderCommodityYen7": { "type": ["number", "null"] },
      "NextDlvItemCd8": { "type": ["string", "null"] },
      "NextDlvSalesCommodityName8": { "type": ["string", "null"] },
      "NextDlvShipmentQty8": { "type": ["number", "null"] },
      "NextDlvCommoditySalesMethodName8": { "type": ["string", "null"] },
      "NextDlvOrderCommodityYen8": { "type": ["number", "null"] },
      "NextDlvItemCd9": { "type": ["string", "null"] },
      "NextDlvSalesCommodityName9": { "type": ["string", "null"] },
      "NextDlvShipmentQty9": { "type": ["number", "null"] },
      "NextDlvCommoditySalesMethodName9": { "type": ["string", "null"] },
      "NextDlvOrderCommodityYen9": { "type": ["number", "null"] },
      "NextDlvItemCd10": { "type": ["string", "null"] },
      "NextDlvSalesCommodityName10": { "type": ["string", "null"] },
      "NextDlvShipmentQty10": { "type": ["number", "null"] },
      "NextDlvCommoditySalesMethodName10": { "type": ["string", "null"] },
      "NextDlvOrderCommodityYen10": { "type": ["number", "null"] },
      "SentenceKbn3": { "type": ["string", "null"] },
      "SentenceCd3": { "type": ["string", "null"] },
      "SentenceKbn4": { "type": ["string", "null"] },
      "SentenceCd4": { "type": ["string", "null"] },
      "DataCreateDate": { "type": ["string", "null"], "format": "date-time" },
      "ExtKbnName": { "type": ["string", "null"] },
      "InspectMemo": { "type": ["string", "null"] },
      "OCRCd": { "type": ["string", "null"] },
      "EAN128Cd": { "type": ["string", "null"] },
      "PayDeadlineDate": { "type": ["string", "null"], "format": "date" },
      "OrderPriceCutYen": { "type": ["number", "null"] },
      "ReportScheduleDate": { "type": ["string", "null"], "format": "date" },
      "PointLapseScheduleDate": { "type": ["string", "null"], "format": "date" },
      "PointLapseSchedulePoint": { "type": ["number", "null"] },
      "RankEndDate": { "type": ["string", "null"], "format": "date" },
      "SaleYenYear": { "type": ["number", "null"] },
      "PointOccurComment": { "type": ["string", "null"] },
      "DestJISCd": { "type": ["string", "null"] },
      "NextDlvCharge": { "type": ["number", "null"] },
      "PurchaseListKbn": { "type": ["integer", "null"] },
      "RankJudgeTotalSalesYen": { "type": ["number", "null"] },
      "PromoCd": { "type": ["string", "null"] },
      "PromoName": { "type": ["string", "null"] },
      "TaxRateKbn": { "type": ["integer", "null"] },
      "TaxTaxKbn": { "type": ["integer", "null"] },
      "DlvCorpAppointedKbn": { "type": ["integer", "null"] },
      "YobiKbn": { "type": ["integer", "null"] },
      "RepeatCustFlg": { "type": ["integer", "null"] },
      "StandardUsePointTax": { "type": ["number", "null"] },
      "StandardDiffTax": { "type": ["number", "null"] },
      "ReducedUsePoint": { "type": ["number", "null"] },
      "ReducedUsePointTax": { "type": ["number", "null"] },
      "ReducedDiffYen": { "type": ["number", "null"] },
      "ReducedDiffTax": { "type": ["number", "null"] },
      "ReducedTaxRateFlg": { "type": ["integer", "null"] },
      "StandardOrderYen": { "type": ["number", "null"] },
      "StandardOrderTax": { "type": ["number", "null"] },
      "ReducedOrderYen": { "type": ["number", "null"] },
      "ReducedOrderTax": { "type": ["number", "null"] }
    },
    "required": [
      "DataKbn", "UpdateKbn", "ShipmentKbn", "ShipmentNo",
      "ShipmentLineSeq", "ItemCd", "SalesCommodityName", "ShipmentQty"
    ]
  }
}
